{"stats":{"minecraft:used":{"minecraft:cooked_mutton":4,"minecraft:diorite":8,"minecraft:stone_sword":44,"minecraft:iron_shovel":353,"minecraft:stone_shovel":277,"minecraft:stone_pickaxe":266,"minecraft:baked_potato":3,"minecraft:chest":1,"minecraft:wooden_pickaxe":22,"minecraft:iron_sword":42,"minecraft:torch":17,"minecraft:dirt":111,"minecraft:crafting_table":3,"minecraft:iron_axe":31,"minecraft:iron_pickaxe":242,"minecraft:wooden_sword":2,"minecraft:cobblestone":91,"minecraft:furnace":2,"tombstone:gift":4,"alexsmobs:animal_dictionary":1},"minecraft:picked_up":{"minecraft:birch_log":6,"minecraft:allium":1,"minecraft:feather":1,"minecraft:chicken":2,"minecraft:andesite":17,"minecraft:wooden_pickaxe":1,"minecraft:enchanted_book":1,"minecraft:tuff":32,"minecraft:oak_log":29,"minecraft:dirt":626,"minecraft:lapis_lazuli":4,"minecraft:string":1,"tombstone:gift":1,"minecraft:raw_copper":43,"tacz:ammo":360,"minecraft:bone":2,"minecraft:orange_tulip":1,"minecraft:wheat_seeds":6,"minecraft:cobbled_deepslate":161,"minecraft:white_tulip":2,"minecraft:iron_pickaxe":1,"minecraft:oak_planks":1,"minecraft:raw_iron":49,"minecraft:copper_ingot":4,"minecraft:torch":20,"minecraft:dandelion":1,"minecraft:gravel":1,"tombstone:grave_dust":2,"minecraft:spruce_sapling":1,"minecraft:diorite":35,"minecraft:bundle":2,"minecraft:leather_helmet":1,"minecraft:rotten_flesh":5,"tacz:modern_kinetic_gun":3,"minecraft:granite":11,"tombstone:magic_scroll":1,"minecraft:oak_sapling":2,"minecraft:mutton":4,"minecraft:coal":38,"minecraft:white_wool":3,"minecraft:cobblestone":159,"minecraft:oxeye_daisy":2},"minecraft:dropped":{"minecraft:white_tulip":1,"minecraft:stone_sword":1,"minecraft:rotten_flesh":3,"minecraft:oak_planks":1,"minecraft:copper_ingot":4,"minecraft:dirt":64,"tacz:modern_kinetic_gun":1,"minecraft:wooden_sword":1,"minecraft:wooden_pickaxe":1,"minecraft:iron_pickaxe":3,"minecraft:spruce_sapling":1},"minecraft:mined":{"minecraft:podzol":170,"minecraft:tuff":33,"minecraft:dandelion":1,"minecraft:torch":1,"minecraft:glow_lichen":2,"minecraft:granite":12,"minecraft:allium":2,"minecraft:grass_block":238,"minecraft:cobblestone":2,"minecraft:tall_grass":4,"minecraft:copper_ore":8,"minecraft:lapis_ore":1,"minecraft:diorite":30,"minecraft:oxeye_daisy":2,"minecraft:wall_torch":2,"minecraft:birch_log":7,"minecraft:iron_ore":43,"minecraft:andesite":12,"minecraft:orange_tulip":1,"minecraft:grass":27,"minecraft:oak_log":31,"minecraft:coal_ore":38,"minecraft:deepslate_iron_ore":6,"minecraft:dirt_path":55,"minecraft:gravel":1,"minecraft:dirt":160,"minecraft:white_tulip":1,"minecraft:stone":165,"minecraft:oak_leaves":4,"minecraft:deepslate":165},"minecraft:crafted":{"minecraft:wooden_sword":1,"minecraft:oak_planks":12,"minecraft:stone_shovel":2,"minecraft:crafting_table":3,"minecraft:spruce_planks":12,"minecraft:iron_helmet":1,"minecraft:iron_sword":1,"minecraft:furnace":2,"minecraft:oak_wood":2,"minecraft:birch_planks":20,"minecraft:cooked_mutton":4,"minecraft:iron_boots":1,"minecraft:iron_chestplate":1,"minecraft:charcoal":8,"minecraft:shield":1,"minecraft:iron_axe":1,"minecraft:stick":32,"minecraft:iron_ingot":46,"minecraft:chest":1,"minecraft:iron_pickaxe":4,"minecraft:stone_pickaxe":2,"minecraft:stone_sword":1,"minecraft:iron_shovel":2,"minecraft:iron_leggings":1},"minecraft:killed_by":{"minecraft:spider":1,"minecraft:drowned":1},"minecraft:killed":{"minecraft:zombie_villager":1,"minecraft:spider":2,"minecraft:sheep":3,"minecraft:skeleton":4,"minecraft:zombie":11,"minecraft:chicken":2,"minecraft:drowned":1},"minecraft:custom":{"minecraft:interact_with_furnace":30,"minecraft:mob_kills":24,"tombstone:raider_killed":1,"minecraft:interact_with_crafting_table":27,"minecraft:leave_game":6,"minecraft:time_since_death":29964,"minecraft:climb_one_cm":13088,"minecraft:time_since_rest":29495,"minecraft:sprint_one_cm":4681,"minecraft:damage_taken":1871,"minecraft:walk_one_cm":1129570,"minecraft:drop":13,"minecraft:damage_dealt":1820,"minecraft:fly_one_cm":4758,"minecraft:open_chest":40,"minecraft:play_time":282334,"minecraft:crouch_one_cm":5333,"tombstone:undead_killed":17,"minecraft:deaths":4,"minecraft:sneak_time":743,"minecraft:walk_under_water_one_cm":4375,"minecraft:jump":1291,"minecraft:walk_on_water_one_cm":10906,"minecraft:total_world_time":282334,"minecraft:fall_one_cm":15079},"minecraft:broken":{"minecraft:stone_pickaxe":2,"minecraft:iron_shovel":1,"minecraft:stone_shovel":2}},"DataVersion":3465}